Year,Average Annual Unemployment Rate,Labor Force Percentage Change,Total Employment Percentage Change,GDP Percentage Change,Average Annual Nominal Interest Rate,Average Annual Real Interest Rate,Covered workers,OASI Beneficiaries,OASDI Beneficiaries,Covered workers per OASDI beneficiary,OASDI beneficiaries per 100 covered workers,Total Fertility Rate,"Age-sex-adjusted death rate per 100,000","Age-sex-adjusted death rate per 100,000 (Under 65)","Age-sex-adjusted death rate per 100,000 (65 and over)",LPR Immigration,LPR Emigration,Net LPR Change,Net Temporary or Unlawful Immigration Change,Income rate (OASDI),Cost rate (OASDI),Balance (OASDI),Income rate (HI),Cost rate (HI),Balance (HI),Worker (Retired workers & auxiliaries),Spouse (Retired workers & auxiliaries),Child (Retired workers & auxiliaries),Widow-widower (Survivors),Mother-father (Survivors),Child (Survivors),Parent (Survivors),Total,Non-interest income (K),Interest income (K),Total income (K),Cost (K),Reserves at end of year (K),Life Expectancy at Birth,Life Expectancy at Age 65,Ratio of OASDI Taxable Payroll to GDP,OASI Fund Ratio,DI Fund Ratio,OASDI Fund Ratio,Covid_dummy,LE65_x_Covid
1940.0,,,,,,,,,,,,2.23,1919.8,750.1,9718.8,61.0,15.0,46.0,0.0,,,,,,,,,,,,,,,,,,,,63.55,12.65,,,,,0,0.0
1941.0,,,,,,,,,,,,2.33,1836.5,726.1,9240.1,40.0,10.0,30.0,0.0,,,,,,,,,,,,,,,,,,,,64.2,13.0,,,,,0,0.0
1942.0,,,,,,,,,,,,2.55,1776.7,703.0,8935.3,26.0,7.0,20.0,0.0,,,,,,,,,,,,,,,,,,,,65.0,13.25,,,,,0,0.0
1943.0,,,,,,,,,,,,2.64,1852.8,708.8,9479.8,26.0,7.0,20.0,0.0,,,,,,,,,,,,,,,,,,,,64.65,12.899999999999999,,,,,0,0.0
1944.0,,,,,,,,,,,,2.49,1763.8,685.6,8952.5,33.0,8.0,25.0,0.0,,,,,,,,,,,,,,,,,,,,65.25,13.3,,,,,0,0.0
1945.0,,,,,,,46390.0,1106.0,1106.0,41.9,2.0,2.42,1716.6,674.8,8662.9,73.0,18.0,55.0,0.0,,,,,,,,,,,,,,,,,,,,65.65,13.5,,,,,0,0.0
1946.0,,,,,,,48845.0,1502.0,1502.0,32.5,3.0,2.86,1664.4,641.2,8485.9,128.0,32.0,96.0,0.0,,,,,,,,,,,,,,,,,,,,66.75,13.75,,,,,0,0.0
1947.0,,,,,,,48908.0,1832.0,1832.0,26.7,4.0,3.18,1668.3,619.0,8663.7,159.0,40.0,119.0,0.0,,,,,,,,,,,,,,,,,,,,67.15,13.55,,,,,0,0.0
1948.0,,,,,,,49018.0,2163.0,2163.0,22.7,4.0,3.03,1633.0,604.8,8488.3,179.0,45.0,135.0,0.0,,,,,,,,,,,,,,,,,,,,67.5,13.7,,,,,0,0.0
1949.0,,,,,,,46800.0,2554.0,2554.0,18.3,5.0,3.04,1583.3,585.3,8237.3,219.0,55.0,164.0,0.0,,,,,,,,,,,,,,,,,,,,68.0,13.850000000000001,,,,,0,0.0
1950.0,,,,,,,48280.0,2930.0,2930.0,16.5,6.0,3.03,1561.9,570.2,8173.7,227.0,57.0,171.0,0.0,,,,,,,,,,,,,,,,,,,,68.35,13.95,,,,,0,0.0
1951.0,,,,,,,57933.0,4034.0,4034.0,14.4,7.0,3.2,1548.4,565.5,8101.4,236.0,59.0,177.0,0.0,,,,,,,,,,,,,,,,,,,,68.55000000000001,14.0,,,,,0,0.0
1952.0,,,,,,,59526.0,4594.0,4594.0,13.0,8.0,3.29,1518.8,558.8,7919.5,218.0,54.0,163.0,0.0,,,,,,,,,,,,,,,,,,,,68.69999999999999,14.15,,,,,0,0.0
1953.0,,,,,,,60554.0,5574.0,5574.0,10.9,9.0,3.35,1510.5,545.5,7944.7,189.0,47.0,142.0,0.0,,,,,,,,,,,,,,,,,,,,69.0,14.100000000000001,,,,,0,0.0
1954.0,,,,,,,59395.0,6469.0,6469.0,9.2,11.0,3.46,1433.4,514.9,7557.2,223.0,56.0,167.0,0.0,,,,,,,,,,,,,,,,,,,,69.7,14.45,,,,,0,0.0
1955.0,,,,,,,65066.0,7564.0,7564.0,8.6,12.0,3.5,1453.8,508.2,7758.4,280.0,70.0,210.0,0.0,,,,,,,,,,,,,,,,,,,,69.75,14.35,,,,,0,0.0
1956.0,,,,,,,67595.0,8374.0,8374.0,8.1,12.0,3.6,1455.4,506.8,7780.4,324.0,81.0,243.0,0.0,,,,,,,,,,,,,,,,,,,,69.80000000000001,14.35,,,,,0,0.0
1957.0,,,,,,,70679.0,10342.0,10342.0,6.8,15.0,3.68,1481.6,516.6,7916.0,290.0,73.0,218.0,0.0,,,,,,,,,,,,,,,,,,,,69.6,14.25,,,,,0,0.0
1958.0,,,,,,,69826.0,11705.0,11905.0,5.9,17.0,3.63,1467.9,506.1,7880.1,257.0,64.0,193.0,0.0,,,,,,,,,,,,,,,,,,,,69.75,14.3,,,,,0,0.0
1959.0,,,,,,,71432.0,12820.0,13181.0,5.4,18.0,3.64,1440.8,499.2,7719.3,263.0,66.0,197.0,0.0,,,,,,,,,,,,,,,,,,,,70.0,14.5,,,,,0,0.0
1960.0,5.5,1.9,1.7,2.6,2.9,0.9,72371.0,13740.0,14262.0,5.1,20.0,3.61,1454.3,503.2,7795.6,268.0,67.0,201.0,0.0,,,,,,,,,,,,,,,,,,,,69.95,14.4,,,,,0,0.0
1961.0,6.7,1.1,0.0,2.6,3.8,1.9,72599.0,14726.0,15624.0,4.6,22.0,3.56,1421.0,488.0,7642.0,278.0,69.0,208.0,0.0,,,,,,,,,,,,,,,,,,,,70.35,14.600000000000001,,,,,0,0.0
1962.0,5.6,0.2,1.8,6.1,3.9,2.8,74190.0,16129.0,17280.0,4.3,23.0,3.42,1448.3,493.7,7813.3,295.0,74.0,221.0,0.0,,,,,,,,,,,,,,,,,,,,70.2,14.45,,,,,0,0.0
1963.0,5.6,1.7,1.4,4.4,3.9,2.5,75454.0,17226.0,18608.0,4.1,25.0,3.3,1472.7,501.3,7949.1,300.0,75.0,224.0,0.0,,,,,,,,,,,,,,,,,,,,70.0,14.35,,,,,0,0.0
1964.0,5.2,1.8,2.2,5.8,4.1,2.6,77400.0,17954.0,19470.0,4.0,25.0,3.17,1426.0,496.5,7622.9,294.0,74.0,221.0,0.0,,,,,,,,,,,,,,,,,,,,70.25,14.65,,,,,0,0.0
1965.0,4.5,1.8,2.4,6.5,4.2,2.5,80539.0,18509.0,20157.0,4.0,25.0,2.88,1428.8,495.2,7653.9,310.0,77.0,232.0,0.0,,,,,,,,,,,,,,,,,,,,70.3,14.600000000000001,,,,,0,0.0
1966.0,3.8,1.8,3.0,6.6,4.9,1.4,84596.0,19851.0,21737.0,3.9,26.0,2.67,1431.5,497.1,7661.5,343.0,86.0,257.0,0.0,,,,,,,,,,,,,,,,,,,,70.30000000000001,14.600000000000001,,,,,0,0.0
1967.0,3.8,2.1,2.4,2.7,5.0,1.9,86636.0,20419.0,22479.0,3.9,26.0,2.53,1393.5,488.5,7427.4,408.0,102.0,306.0,0.0,,,,,,,,,,,,,,,,,,,,70.6,14.8,,,,,0,0.0
1968.0,3.6,1.8,2.1,4.9,5.5,0.8,89440.0,21161.0,23419.0,3.8,26.0,2.43,1429.1,500.6,7620.1,407.0,102.0,305.0,0.0,,,,,,,,,,,,,,,,,,,,70.4,14.700000000000001,,,,,0,0.0
1969.0,3.5,2.5,2.4,3.1,6.6,0.1,92382.0,21836.0,24243.0,3.8,26.0,2.42,1383.9,491.3,7334.8,366.0,91.0,274.0,0.0,,,,,,,,,,,,,,,,,,,,70.75,14.95,,,,,0,0.0
1970.0,5.0,2.6,0.6,0.2,7.3,1.0,92963.0,22618.0,25186.0,3.7,27.0,2.43,1350.2,485.8,7113.9,372.0,93.0,279.0,0.0,8.71,8.19,0.52,1.41,1.35,0.07,,,,,,,,,284400000.0,14500000.0,298800000.0,267500000.0,307500000.0,71.0,15.100000000000001,0.376,,,,0,0.0
1971.0,6.0,1.9,0.4,3.3,6.0,2.9,93155.0,23415.0,26203.0,3.6,28.0,2.25,1343.7,472.5,7152.4,377.0,94.0,283.0,0.0,9.37,9.29,0.08,1.32,1.46,-0.14,,,,,,,,,301000000.0,15700000.0,316700000.0,298300000.0,313000000.0,71.2,15.100000000000001,0.356,,,,0,0.0
1972.0,5.6,3.1,2.9,5.3,5.9,2.5,96087.0,24308.0,27399.0,3.5,29.0,1.99,1337.4,469.8,7122.1,392.0,98.0,294.0,0.0,9.21,9.18,0.03,1.28,1.42,-0.14,,,,,,,,,324900000.0,16500000.0,341400000.0,323900000.0,320100000.0,71.30000000000001,15.149999999999999,0.368,,,,0,0.0
1973.0,4.9,2.8,3.3,5.6,6.6,-0.2,99771.0,25273.0,28690.0,3.5,29.0,1.86,1320.2,462.5,7038.6,396.0,99.0,297.0,0.0,9.59,9.73,-0.14,2.08,1.41,0.67,,,,,,,,,369300000.0,16800000.0,386100000.0,374600000.0,313000000.0,71.55,15.299999999999999,0.383,,,,0,0.0
1974.0,5.6,2.9,1.9,-0.5,7.5,-3.8,101212.0,26218.0,29909.0,3.4,30.0,1.82,1264.3,443.2,6738.8,389.0,97.0,292.0,0.0,9.58,9.78,-0.19,1.88,1.53,0.34,,,,,,,,,377300000.0,16900000.0,394200000.0,384900000.0,291500000.0,72.15,15.6,0.401,,,,0,0.0
1975.0,8.5,2.0,-1.1,-0.2,7.4,-1.3,100193.0,26998.0,31123.0,3.2,31.0,1.77,1214.2,426.2,6467.8,393.0,98.0,294.0,0.0,9.99,10.67,-0.68,1.9,1.79,0.11,16589.0,2867.0,643.0,3888.0,582.0,2919.0,21.0,27509.0,377200000.0,16700000.0,393900000.0,402900000.0,258200000.0,72.65,15.85,0.385,0.63,0.92,0.66,0,0.0
1976.0,7.7,2.5,3.3,5.4,7.1,1.7,102792.0,27739.0,32272.0,3.2,31.0,1.74,1205.2,415.7,6469.1,414.0,104.0,311.0,0.0,10.06,10.88,-0.83,1.8,1.93,-0.13,17165.0,2896.0,653.0,3994.0,579.0,2903.0,20.0,28209.0,398300000.0,15000000.0,413300000.0,430900000.0,226600000.0,72.94999999999999,15.950000000000001,0.384,0.54,0.71,0.57,0,0.0
1977.0,7.1,2.9,3.6,4.6,7.1,0.8,105953.0,28429.0,33161.0,3.2,31.0,1.8,1168.9,405.1,6261.1,491.0,123.0,369.0,0.0,9.99,10.98,-0.98,1.9,2.03,-0.13,17822.0,2964.0,678.0,4119.0,582.0,2877.0,18.0,29061.0,411000000.0,13100000.0,424100000.0,451400000.0,185500000.0,73.30000000000001,16.1,0.382,0.47,0.48,0.47,0,0.0
1978.0,6.1,3.3,4.3,5.5,8.2,-0.5,109432.0,29063.0,33924.0,3.2,31.0,1.76,1165.9,398.0,6285.6,541.0,135.0,406.0,0.0,10.02,10.73,-0.71,2.08,2.09,-0.01,18359.0,2980.0,661.0,4212.0,576.0,2780.0,17.0,29586.0,430500000.0,10900000.0,441400000.0,461100000.0,152500000.0,73.4,16.1,0.38,0.39,0.26,0.37,0,0.0
1979.0,5.9,2.7,2.8,3.2,9.1,-2.8,112069.0,29789.0,34615.0,3.2,31.0,1.82,1125.0,385.4,6056.0,427.0,107.0,320.0,0.0,9.91,10.25,-0.34,2.17,2.06,0.11,18972.0,2991.0,652.0,4322.0,574.0,2711.0,16.0,30237.0,447000000.0,9300000.0,456300000.0,462500000.0,130500000.0,73.85,16.4,0.398,0.3,0.3,0.3,0,0.0
1980.0,7.2,1.9,0.5,-0.3,11.0,-3.6,112651.0,30384.0,35117.0,3.2,31.0,1.82,1145.2,383.9,6221.5,542.0,135.0,406.0,203.0,10.2,10.73,-0.54,2.16,2.26,-0.1,19564.0,3018.0,639.0,4415.0,563.0,2610.0,15.0,30823.0,446100000.0,8900000.0,454900000.0,469500000.0,100500000.0,73.7,16.2,0.403,0.23,0.35,0.25,0,0.0
1981.0,7.6,1.6,1.1,2.5,13.3,1.0,112949.0,31073.0,35709.0,3.2,32.0,1.8,1113.7,374.4,6042.6,580.0,145.0,435.0,216.0,11.02,11.35,-0.33,2.65,2.46,0.19,20195.0,3031.0,633.0,4508.0,548.0,2546.0,14.0,31474.0,483300000.0,7700000.0,491000000.0,497600000.0,84600000.0,74.1,16.450000000000003,0.397,0.18,0.21,0.18,0,0.0
1982.0,9.7,1.4,-0.8,-1.8,12.8,7.3,111445.0,31207.0,35391.0,3.1,32.0,1.81,1079.2,362.5,5857.6,538.0,134.0,403.0,220.0,10.92,11.94,-1.01,2.66,2.72,-0.05,20768.0,3039.0,558.0,4595.0,515.0,2321.0,12.0,31808.0,476400000.0,4500000.0,480900000.0,520600000.0,80600000.0,74.5,16.65,0.401,0.15,0.17,0.15,0,0.0
1983.0,9.6,1.2,1.3,4.6,11.0,9.9,112525.0,31833.0,35726.0,3.1,32.0,1.78,1092.9,357.4,5996.5,548.0,137.0,411.0,237.0,10.95,11.5,-0.55,2.66,2.62,0.04,21424.0,3039.0,512.0,4694.0,400.0,2146.0,11.0,32226.0,514500000.0,26100000.0,540700000.0,540400000.0,78500000.0,74.5,16.450000000000003,0.409,0.14,0.15,0.14,0,0.0
1984.0,7.5,1.8,4.1,7.2,12.4,7.6,116888.0,32238.0,36026.0,3.2,31.0,1.79,1084.0,353.6,5953.5,548.0,137.0,411.0,257.0,11.47,11.3,0.17,2.65,2.71,-0.06,21911.0,3060.0,477.0,4744.0,382.0,2010.0,10.0,32595.0,558700000.0,10500000.0,569200000.0,550300000.0,94800000.0,74.65,16.55,0.395,0.2,0.35,0.21,0,0.0
1985.0,7.2,1.7,2.0,4.2,10.8,9.0,120438.0,32763.0,36636.0,3.3,30.0,1.83,1088.6,352.8,5994.7,577.0,144.0,432.0,261.0,11.66,11.07,0.59,2.74,2.68,0.06,22435.0,3069.0,456.0,4862.0,372.0,1918.0,10.0,33122.0,591800000.0,8100000.0,599900000.0,561800000.0,124300000.0,74.65,16.5,0.397,0.24,0.27,0.24,0,0.0
1986.0,7.0,2.1,2.2,3.5,8.0,9.3,122932.0,33346.0,37318.0,3.3,30.0,1.83,1077.1,350.1,5924.3,600.0,150.0,450.0,275.0,11.56,10.94,0.62,2.93,2.6,0.33,22985.0,3086.0,450.0,4927.0,350.0,1878.0,9.0,33685.0,617800000.0,11200000.0,629000000.0,584600000.0,135900000.0,74.69999999999999,16.6,0.402,0.28,0.38,0.29,0,0.0
1987.0,6.2,1.7,2.5,3.5,8.4,4.4,125969.0,33914.0,37948.0,3.3,30.0,1.86,1066.2,346.8,5862.5,610.0,153.0,458.0,273.0,11.54,10.69,0.85,2.92,2.56,0.37,23444.0,3090.0,439.0,4983.0,329.0,1837.0,8.0,34129.0,632200000.0,14900000.0,647000000.0,585600000.0,192700000.0,74.85,16.7,0.403,0.3,0.44,0.31,0,0.0
1988.0,5.5,1.5,2.2,4.2,8.8,4.4,129763.0,34336.0,38413.0,3.4,30.0,1.92,1077.0,346.3,5948.6,634.0,158.0,475.0,258.0,12.22,10.65,1.57,2.92,2.45,0.47,23862.0,3088.0,432.0,5013.0,318.0,1809.0,7.0,34529.0,687500000.0,22000000.0,709500000.0,599200000.0,295600000.0,74.8,16.65,0.399,0.41,0.38,0.41,0,0.0
1989.0,5.3,1.8,2.0,3.7,8.7,4.0,132010.0,34741.0,38846.0,3.4,29.0,2.0,1046.0,340.0,5753.1,1404.0,155.0,1249.0,-481.0,12.38,10.57,1.81,2.92,2.64,0.29,24331.0,3095.0,422.0,5057.0,312.0,1782.0,6.0,35004.0,711200000.0,32600000.0,743800000.0,607100000.0,418800000.0,75.1,16.9,0.396,0.59,0.38,0.57,0,0.0
1990.0,5.6,1.6,1.2,1.9,8.6,3.4,133005.0,35255.0,39459.0,3.4,30.0,2.07,1026.2,333.3,5646.0,1659.0,166.0,1493.0,-371.0,12.65,10.74,1.91,2.92,2.72,0.21,24841.0,3104.0,421.0,5098.0,304.0,1777.0,6.0,35551.0,728300000.0,42100000.0,770400000.0,618200000.0,550200000.0,75.35,17.0,0.395,0.78,0.4,0.75,0,0.0
1991.0,6.9,0.4,-0.9,-0.1,8.0,4.5,132418.0,35773.0,40161.0,3.3,30.0,2.06,1011.6,329.1,5562.0,1486.0,181.0,1305.0,-137.0,12.72,11.33,1.39,2.94,2.68,0.25,25293.0,3106.0,425.0,5142.0,301.0,1792.0,5.0,36064.0,722000000.0,51400000.0,773400000.0,643200000.0,658600000.0,75.5,17.15,0.393,0.87,0.39,0.82,0,0.0
1992.0,7.5,1.4,0.5,3.5,7.1,5.1,133344.0,36299.0,41014.0,3.3,31.0,2.04,997.0,322.4,5494.7,944.0,207.0,737.0,462.0,12.54,11.54,1.0,2.94,2.95,-0.01,25762.0,3115.0,431.0,5187.0,294.0,1808.0,5.0,36603.0,723200000.0,57800000.0,781000000.0,665400000.0,755600000.0,75.75,17.25,0.388,1.03,0.4,0.96,0,0.0
1993.0,6.9,0.8,1.3,2.8,6.1,4.3,135539.0,36743.0,41826.0,3.2,31.0,2.02,1020.9,325.8,5655.1,882.0,216.0,666.0,553.0,12.44,11.72,0.72,2.94,3.18,-0.25,26109.0,3098.0,436.0,5207.0,289.0,1837.0,5.0,36981.0,726600000.0,61800000.0,788400000.0,684600000.0,838700000.0,75.5,17.1,0.384,1.17,0.35,1.07,0,0.0
1994.0,6.1,1.4,2.2,4.0,7.1,3.6,138533.0,37070.0,42504.0,3.3,31.0,2.0,1007.5,322.1,5577.8,784.0,195.0,589.0,601.0,12.59,11.62,0.97,3.06,3.24,-0.17,26412.0,3069.0,440.0,5218.0,283.0,1865.0,4.0,37292.0,757400000.0,67300000.0,824700000.0,698900000.0,944300000.0,75.65,17.200000000000003,0.381,1.3,0.23,1.17,0,0.0
1995.0,5.6,1.0,1.4,2.7,6.9,4.2,140800.0,37364.0,43096.0,3.3,31.0,1.98,1005.0,318.3,5582.9,769.0,192.0,577.0,557.0,12.52,11.67,0.85,3.05,3.36,-0.3,26679.0,3027.0,441.0,5213.0,275.0,1884.0,4.0,37522.0,766600000.0,73600000.0,840200000.0,714700000.0,1043300000.0,75.8,17.2,0.381,1.39,0.55,1.28,0,0.0
1996.0,5.4,1.2,1.4,3.8,6.6,4.0,143251.0,37509.0,43486.0,3.3,30.0,1.98,990.3,306.5,5549.5,887.0,221.0,666.0,479.0,12.59,11.54,1.05,3.06,3.46,-0.4,26905.0,2971.0,442.0,5199.0,242.0,1898.0,4.0,37661.0,788600000.0,79200000.0,867800000.0,722900000.0,1159100000.0,76.1,17.25,0.38,1.49,0.83,1.4,0,0.0
1997.0,4.9,1.8,2.2,4.4,6.6,4.3,146101.0,37696.0,43783.0,3.3,30.0,1.97,975.5,293.8,5520.5,762.0,190.0,572.0,550.0,12.64,11.27,1.37,3.06,3.41,-0.35,27282.0,2926.0,441.0,5043.0,230.0,1893.0,3.0,37817.0,827400000.0,87500000.0,914900000.0,737900000.0,1310400000.0,76.35,17.35,0.382,1.6,1.13,1.54,0,0.0
1998.0,4.5,1.0,1.4,4.5,5.6,5.3,149077.0,37818.0,44068.0,3.4,30.0,2.0,967.9,286.6,5510.3,651.0,163.0,489.0,614.0,12.51,10.87,1.64,3.07,3.04,0.04,27518.0,2866.0,439.0,4981.0,221.0,1884.0,3.0,37911.0,867800000.0,97300000.0,965100000.0,754100000.0,1504200000.0,76.55000000000001,17.35,0.388,1.77,1.33,1.71,0,0.0
1999.0,4.2,1.2,1.5,4.8,5.9,3.4,151805.0,37926.0,44359.0,3.4,29.0,2.01,974.3,284.2,5575.3,694.0,173.0,520.0,612.0,12.61,10.52,2.09,3.1,2.81,0.3,27784.0,2811.0,442.0,4936.0,212.0,1885.0,3.0,38073.0,909500000.0,107100000.0,1016500000.0,758500000.0,1729900000.0,76.55,17.299999999999997,0.388,2.01,1.52,1.94,0,0.0
2000.0,4.0,2.3,2.5,4.1,6.2,2.4,154707.0,38556.0,45162.0,3.4,29.0,2.05,964.1,281.4,5515.8,895.0,224.0,672.0,577.0,12.62,10.4,2.23,3.11,2.63,0.49,28505.0,2798.0,459.0,4901.0,203.0,1878.0,3.0,38747.0,940000000.0,120300000.0,1060300000.0,774300000.0,1957500000.0,76.7,17.45,0.389,2.23,1.71,2.16,0,0.0
2001.0,4.7,0.8,0.0,1.0,5.2,3.5,155129.0,38888.0,45668.0,3.4,29.0,2.03,954.0,280.2,5445.9,1059.0,265.0,794.0,577.0,12.73,10.56,2.17,3.1,2.8,0.31,28843.0,2742.0,467.0,4828.0,197.0,1890.0,3.0,38969.0,960800000.0,132400000.0,1093100000.0,797000000.0,2201800000.0,76.75,17.5,0.393,2.47,1.93,2.39,0,0.0
2002.0,5.8,0.8,-0.3,1.7,4.9,3.9,154563.0,39117.0,46176.0,3.3,30.0,2.03,950.0,279.3,5421.9,970.0,243.0,728.0,578.0,12.9,10.89,2.01,3.1,2.97,0.13,29195.0,2681.0,477.0,4771.0,194.0,1908.0,2.0,39227.0,979200000.0,143900000.0,1123200000.0,826900000.0,2468000000.0,76.85,17.6,0.388,2.72,2.08,2.63,0,0.0
2003.0,6.0,1.1,1.0,2.8,4.1,2.6,154789.0,39315.0,46753.0,3.3,30.0,2.05,936.0,278.0,5323.1,767.0,192.0,575.0,578.0,12.59,11.03,1.56,3.11,3.03,0.09,29537.0,2622.0,480.0,4707.0,190.0,1910.0,2.0,39448.0,958400000.0,148800000.0,1107200000.0,839500000.0,2682200000.0,77.0,17.75,0.379,3.0,2.19,2.88,0,0.0
2004.0,5.5,0.6,1.1,3.8,4.3,1.5,156582.0,39558.0,47368.0,3.3,30.0,2.06,901.4,270.2,5109.7,999.0,250.0,749.0,578.0,12.53,11.05,1.48,3.12,3.08,0.04,29952.0,2569.0,482.0,4643.0,184.0,1901.0,2.0,39733.0,971200000.0,151900000.0,1123100000.0,856600000.0,2880400000.0,77.4,18.1,0.372,3.22,2.18,3.05,0,0.0
2005.0,5.1,1.3,1.7,3.5,4.3,0.8,159035.0,39961.0,48133.0,3.3,30.0,2.06,903.7,271.1,5121.7,1158.0,290.0,869.0,1015.0,12.8,11.16,1.63,3.12,3.17,-0.05,30461.0,2524.0,488.0,4569.0,178.0,1903.0,2.0,40126.0,1002100000.0,155500000.0,1157500000.0,874100000.0,3065800000.0,77.4,18.1,0.364,3.4,2.12,3.18,0,0.0
2006.0,4.6,1.4,1.8,2.8,4.8,1.1,161572.0,40435.0,48863.0,3.3,30.0,2.11,880.1,267.4,4965.2,1212.0,303.0,910.0,778.0,12.79,11.06,1.73,3.13,3.16,-0.03,30976.0,2476.0,490.0,4494.0,171.0,1899.0,2.0,40508.0,1026900000.0,163700000.0,1190600000.0,887800000.0,3273800000.0,77.65,18.299999999999997,0.364,3.61,2.07,3.35,0,0.0
2007.0,4.6,1.1,1.1,2.0,4.7,1.9,163331.0,40863.0,49603.0,3.3,30.0,2.12,859.3,261.7,4843.9,1066.0,266.0,800.0,89.0,12.85,11.32,1.53,3.14,3.17,-0.02,31528.0,2431.0,494.0,4436.0,165.0,1892.0,2.0,40947.0,1048300000.0,171200000.0,1219500000.0,923700000.0,3478100000.0,77.9,18.5,0.363,3.72,2.06,3.45,0,0.0
2008.0,5.8,0.8,-0.4,0.1,3.6,0.6,162693.0,41355.0,50420.0,3.2,31.0,2.07,859.8,258.9,4866.8,1113.0,278.0,835.0,-660.0,12.73,11.55,1.18,3.14,3.34,-0.21,32274.0,2370.0,525.0,4380.0,160.0,1915.0,2.0,41625.0,1028500000.0,173600000.0,1202100000.0,933200000.0,3610500000.0,77.95,18.5,0.366,3.92,1.97,3.58,0,0.0
2009.0,9.3,-0.1,-3.7,-2.6,2.9,4.4,157684.0,42385.0,51860.0,3.0,33.0,2.0,828.3,255.4,4647.9,1108.0,277.0,832.0,67.0,13.11,13.05,0.06,3.19,3.72,-0.54,33514.0,2343.0,561.0,4327.0,160.0,1921.0,2.0,42828.0,1035700000.0,177900000.0,1213600000.0,1030700000.0,3817900000.0,78.35,18.85,0.363,3.9,1.78,3.53,0,0.0
2010.0,9.6,-0.2,-0.6,2.7,2.8,0.9,157054.0,43440.0,53398.0,2.9,34.0,1.93,821.5,248.5,4641.9,1048.0,262.0,786.0,17.0,12.54,13.47,-0.92,3.2,3.75,-0.55,34593.0,2316.0,580.0,4285.0,159.0,1913.0,2.0,43847.0,977100000.0,173000000.0,1150200000.0,1049100000.0,3841500000.0,78.5,18.85,0.352,4.0,1.59,3.57,0,0.0
2011.0,8.9,-0.2,0.6,1.6,2.4,-0.7,158591.0,44388.0,54816.0,2.9,35.0,1.89,820.5,248.6,4633.9,1054.0,264.0,791.0,-62.0,12.63,13.46,-0.83,3.21,3.75,-0.54,35600.0,2291.0,594.0,4239.0,158.0,1907.0,2.0,44791.0,982100000.0,162600000.0,1144700000.0,1046600000.0,3807700000.0,78.55000000000001,18.9,0.35,4.02,1.36,3.54,0,0.0
2012.0,8.1,0.9,1.8,2.3,1.5,0.3,160743.0,45377.0,56176.0,2.9,35.0,1.87,811.7,247.5,4573.4,1021.0,255.0,766.0,-112.0,12.85,13.82,-0.96,3.24,3.67,-0.43,36720.0,2280.0,612.0,4193.0,154.0,1907.0,1.0,45868.0,1018100000.0,152000000.0,1170100000.0,1094300000.0,3805100000.0,78.65,19.0,0.35,3.91,1.1,3.41,0,0.0
2013.0,7.4,0.3,1.0,2.1,1.9,0.1,163056.0,46517.0,57471.0,2.8,35.0,1.85,812.4,248.0,4575.7,995.0,249.0,746.0,68.0,12.77,13.97,-1.2,3.33,3.67,-0.34,37893.0,2285.0,625.0,4139.0,150.0,1899.0,1.0,46992.0,1033400000.0,141300000.0,1174600000.0,1130600000.0,3797800000.0,78.65,19.0,0.349,3.84,0.86,3.32,0,0.0
2014.0,6.2,0.3,1.6,2.5,2.3,0.4,165416.0,47603.0,58574.0,2.8,35.0,1.86,803.8,249.7,4498.0,980.0,245.0,735.0,869.0,12.76,13.95,-1.19,3.34,3.5,-0.15,39009.0,2303.0,635.0,4092.0,143.0,1892.0,1.0,48075.0,1063900000.0,132900000.0,1196800000.0,1162900000.0,3775500000.0,78.69999999999999,19.1,0.35,3.74,0.62,3.22,0,0.0
2015.0,5.3,0.8,1.7,2.9,2.0,2.7,168123.0,48663.0,59543.0,2.8,35.0,1.84,813.7,253.0,4552.0,1121.0,280.0,841.0,663.0,12.82,13.91,-1.09,3.35,3.43,-0.09,40089.0,2335.0,648.0,4050.0,140.0,1893.0,1.0,49155.0,1123800000.0,126800000.0,1250600000.0,1219300000.0,3822400000.0,78.55000000000001,19.05,0.352,3.64,0.41,3.11,0,0.0
2016.0,4.9,1.3,1.7,1.8,1.8,1.0,170614.0,49811.0,60539.0,2.8,35.0,1.81,805.9,258.0,4458.7,1188.0,297.0,891.0,6.0,13.09,13.89,-0.8,3.35,3.48,-0.12,41233.0,2370.0,661.0,4004.0,133.0,1893.0,1.0,50296.0,1169700000.0,118900000.0,1288700000.0,1241300000.0,3832800000.0,78.55,19.2,0.353,3.58,0.22,3.05,0,0.0
2017.0,4.4,0.7,1.2,2.5,2.3,-0.3,172692.0,50962.0,61480.0,2.8,36.0,1.76,810.4,258.2,4492.0,1102.0,276.0,827.0,247.0,13.05,13.64,-0.59,3.36,3.45,-0.09,42447.0,2375.0,675.0,3961.0,128.0,1904.0,1.0,51491.0,1201200000.0,112200000.0,1313400000.0,1255300000.0,3811100000.0,78.5,19.15,0.356,3.47,0.32,2.99,0,0.0
2018.0,3.9,1.1,1.6,3.0,2.9,-0.2,175102.0,52168.0,62464.0,2.8,36.0,1.73,801.8,254.7,4449.5,1090.0,273.0,818.0,-202.0,12.58,13.68,-1.1,3.33,3.41,-0.09,43721.0,2391.0,690.0,3908.0,121.0,1911.0,1.0,52743.0,1182500000.0,107000000.0,1289500000.0,1285500000.0,3720400000.0,78.65,19.2,0.354,3.3,0.49,2.89,0,0.0
2019.0,3.7,0.9,1.1,2.6,2.2,1.2,177024.0,53508.0,63570.0,2.8,36.0,1.7,789.5,253.2,4365.3,1032.0,258.0,774.0,-492.0,12.8,13.82,-1.02,3.35,3.47,-0.13,45094.0,2430.0,701.0,3878.0,117.0,1916.0,1.0,54137.0,1240100000.0,102200000.0,1342200000.0,1339100000.0,3662700000.0,78.8,19.4,0.356,3.07,0.66,2.73,0,0.0
2020.0,8.1,-1.7,-6.2,-2.2,1.0,1.0,175244.0,54843.0,64686.0,2.7,37.0,1.64,918.2,300.0,5040.0,582.0,145.0,436.0,276.0,13.5,14.35,-0.84,3.37,3.54,-0.17,46330.0,2323.0,704.0,3823.0,115.0,1936.0,1.0,55231.0,1301400000.0,95000000.0,1396500000.0,1382900000.0,3632400000.0,77.0,18.25,0.361,2.92,0.64,2.62,1,18.25
2021.0,5.4,0.3,3.2,6.1,1.4,-4.1,176995.0,55546.0,65032.0,2.7,37.0,1.66,930.8,334.3,4907.8,837.0,209.0,628.0,274.0,12.2,13.71,-1.51,3.39,3.34,0.05,47293.0,2165.0,687.0,3773.0,114.0,1976.0,1.0,56009.0,1208200000.0,83200000.0,1291400000.0,1358100000.0,3384200000.0,76.4,18.299999999999997,0.353,2.81,0.68,2.54,0,0.0
2022.0,3.6,1.9,3.7,2.5,3.0,-6.5,181099.0,56544.0,65614.0,2.8,36.0,1.66,867.4,294.7,4686.2,1050.0,262.0,787.0,1480.0,12.65,13.62,-0.97,3.38,3.31,0.07,48588.0,2022.0,682.0,3728.0,112.0,2020.0,1.0,57152.0,1264000000.0,72600000.0,1336600000.0,1360800000.0,3095900000.0,77.45,18.8,0.351,2.51,0.68,2.29,0,0.0
2023.0,3.6,1.7,1.7,2.9,4.1,-0.8,182689.0,57924.0,66631.0,2.7,36.0,1.62,802.0,270.2,4347.6,1192.0,298.0,894.0,1920.0,13.1,14.21,-1.11,3.41,3.34,0.07,50148.0,1895.0,685.0,3688.0,108.0,2037.0,1.0,58562.0,1352800000.0,70500000.0,1423200000.0,1466900000.0,2938200000.0,78.44999999999999,19.4,0.353,2.19,0.76,2.03,0,0.0
2024.0,4.1,0.7,0.3,2.8,4.3,1.3,183936.0,59556.0,67868.0,2.7,37.0,1.62,769.7,248.5,4244.5,1263.0,316.0,947.0,1786.0,13.32,14.67,-1.34,3.41,3.34,0.07,51773.0,1861.0,713.0,3630.0,104.0,2051.0,1.0,60132.0,1381900000.0,70800000.0,1452700000.0,1521400000.0,2788600000.0,79.05,19.6,0.347,1.99,0.93,1.88,0,0.0
